aprovisionador,es_fraudulento
PRV57215,No
PRV52592,No
PRV52286,No
PRV57677,No
PRV56718,No
PRV57313,No
PRV57602,No
PRV57299,No
PRV55045,No
PRV54438,No
PRV56118,No
PRV57578,No
PRV53714,No
PRV57491,No
PRV52547,No
PRV51428,No
PRV57398,No
PRV55438,No
PRV56719,Yes
PRV53453,No
PRV51015,No
PRV56775,No
PRV56689,Yes
PRV57679,No
PRV52666,No
PRV57144,No
PRV54270,No
PRV54333,Yes
PRV54284,No
PRV56789,No
PRV52562,No
PRV55534,No
PRV51231,No
PRV54045,No
PRV53107,No
PRV52559,No
PRV51841,No
PRV57293,No
PRV52133,No
PRV52949,No
PRV54367,Yes
PRV51093,No
PRV51607,No
PRV56759,No
PRV52366,No
PRV55689,Yes
PRV56376,No
PRV55570,No
PRV52029,No
PRV56811,No
PRV53337,No
PRV55883,No
PRV51679,No
PRV53766,No
PRV53964,No
PRV56889,No
PRV57484,No
PRV57568,No
PRV56986,No
PRV53539,No
PRV51200,No
PRV56013,No
PRV55117,No
PRV52738,No
PRV54855,No
PRV55749,No
PRV53642,No
PRV51344,No
PRV53947,No
PRV57643,No
PRV56504,No
PRV52701,No
PRV52143,No
PRV51401,Yes
PRV53901,No
PRV55163,Yes
PRV53151,No
PRV56594,No
PRV55831,No
PRV51652,No
PRV53050,No
PRV52860,Yes
PRV53171,No
PRV56720,No
PRV56067,No
PRV57194,No
PRV53385,Yes
PRV54653,No
PRV51989,No
PRV55477,No
PRV54117,No
PRV52596,No
PRV52768,No
PRV53257,No
PRV53659,No
PRV54960,No
PRV55354,No
PRV57247,No
PRV53638,No
PRV51110,No
PRV51711,No
PRV55313,No
PRV52372,No
PRV54480,No
PRV55002,No
PRV55848,No
PRV54630,No
PRV51788,No
PRV55768,No
PRV51356,No
PRV55323,No
PRV56001,No
PRV54591,No
PRV54990,No
PRV54720,No
PRV55903,No
PRV56772,No
PRV56437,Yes
PRV55273,No
PRV52677,No
PRV54436,No
PRV54763,No
PRV52736,No
PRV56337,No
PRV57469,No
PRV56302,No
PRV54285,No
PRV51902,No
PRV51175,No
PRV56269,No
PRV54499,No
PRV56608,Yes
PRV57567,No
PRV53073,No
PRV53915,No
PRV55612,No
PRV51625,No
PRV56989,No
PRV51930,No
PRV51380,No
PRV51164,No
PRV51482,Yes
PRV52552,No
PRV57043,No
PRV53315,No
PRV55482,Yes
PRV53438,No
PRV57476,No
PRV54163,No
PRV57594,No
PRV53992,No
PRV52696,No
PRV53562,No
PRV51632,No
PRV55898,No
PRV57248,No
PRV51858,No
PRV54381,No
PRV51721,No
PRV52458,No
PRV52340,Yes
PRV51118,No
PRV53923,Yes
PRV53353,No
PRV56416,Yes
PRV55069,No
PRV55833,No
PRV55019,Yes
PRV54938,No
PRV57223,Yes
PRV52702,No
PRV57251,No
PRV57759,No
PRV57634,No
PRV54947,No
PRV56158,No
PRV55193,Yes
PRV54184,No
PRV54310,No
PRV55276,No
PRV54408,No
PRV54963,No
PRV55114,No
PRV55469,No
PRV51249,Yes
PRV57392,No
PRV56147,No
PRV52081,No
PRV57276,No
PRV54222,No
PRV55661,No
PRV56396,Yes
PRV51070,No
PRV55506,Yes
PRV57046,No
PRV57289,No
PRV52231,No
PRV57304,No
PRV54728,No
PRV55260,No
PRV54312,No
PRV55229,No
PRV54431,No
PRV51142,No
PRV51250,No
PRV51082,No
PRV56425,Yes
PRV55531,Yes
PRV52687,No
PRV55560,No
PRV53141,No
PRV53577,No
PRV56210,No
PRV51176,No
PRV54817,No
PRV55978,No
PRV53032,No
PRV54237,No
PRV55762,No
PRV56297,No
PRV52483,No
PRV53522,No
PRV56151,No
PRV56723,No
PRV53670,Yes
PRV53423,No
PRV54742,Yes
PRV54029,No
PRV57419,No
PRV52486,No
PRV52775,No
PRV57722,No
PRV54028,No
PRV51442,No
PRV53724,No
PRV56086,No
PRV52415,No
PRV56739,No
PRV51794,No
PRV53026,No
PRV56034,No
PRV51265,No
PRV53618,No
PRV56517,No
PRV51620,No
PRV56442,Yes
PRV52654,No
PRV53765,No
PRV51296,No
PRV51102,No
PRV52041,Yes
PRV56886,No
PRV56682,No
PRV55363,No
PRV51739,No
PRV51168,No
PRV54223,No
PRV51055,No
PRV53688,No
PRV51606,No
PRV51926,No
PRV54574,No
PRV55558,No
PRV54829,No
PRV54997,No
PRV51629,No
PRV56544,No
PRV51264,No
PRV54130,No
PRV55265,No
PRV57672,Yes
PRV55126,No
PRV51511,No
PRV52934,No
PRV55225,Yes
PRV52577,No
PRV54326,No
PRV55143,No
PRV51228,No
PRV52031,No
PRV53725,No
PRV53163,No
PRV56407,No
PRV56624,Yes
PRV56077,No
PRV52586,No
PRV56285,No
PRV56774,No
PRV54425,No
PRV52246,No
PRV56574,No
PRV57004,No
PRV57241,No
PRV52820,No
PRV52300,No
PRV54745,No
PRV56694,No
PRV52389,No
PRV53651,No
PRV54892,No
PRV55256,No
PRV53230,No
PRV54302,No
PRV54697,No
PRV55963,No
PRV56389,No
PRV56211,No
PRV55680,No
PRV52545,No
PRV53218,No
PRV52622,No
PRV57507,No
PRV54898,No
PRV51125,No
PRV52520,No
PRV52661,No
PRV51418,No
PRV53072,No
PRV51940,Yes
PRV51937,No
PRV54656,No
PRV53666,No
PRV56453,No
PRV57067,No
PRV57548,Yes
PRV55609,No
PRV51916,No
PRV55329,No
PRV52573,No
PRV57481,Yes
PRV51745,No
PRV51329,No
PRV57743,No
PRV52938,No
PRV54429,No
PRV56194,No
PRV52362,No
PRV57444,No
PRV55880,No
PRV55819,No
PRV55371,No
PRV55839,No
PRV56967,No
PRV53303,No
PRV56868,No
PRV56403,Yes
PRV55147,Yes
PRV52371,No
PRV57110,No
PRV53750,No
PRV51436,No
PRV57435,No
PRV56957,No
PRV54944,No
PRV55837,No
PRV57409,Yes
PRV51500,No
PRV55957,Yes
PRV52723,No
PRV57646,No
PRV53069,No
PRV51267,No
PRV51476,No
PRV53150,No
PRV53783,No
PRV56528,No
PRV52384,No
PRV52266,No
PRV51067,Yes
PRV52325,Yes
PRV54420,No
PRV52186,No
PRV55344,No
PRV51743,No
PRV51309,No
PRV51336,No
PRV55503,No
PRV54062,No
PRV52279,No
PRV56837,No
PRV53079,No
PRV54916,No
PRV51243,No
PRV54862,No
PRV52754,No
PRV56214,No
PRV56198,No
PRV53341,No
PRV57305,No
PRV54203,No
PRV52449,No
PRV56176,No
PRV51605,No
PRV53145,No
PRV53712,Yes
PRV54182,No
PRV55674,No
PRV53375,No
PRV52648,Yes
PRV51843,No
PRV52843,Yes
PRV56754,No
PRV51253,No
PRV54153,No
PRV53469,No
PRV53612,No
PRV52823,No
PRV54196,No
PRV55711,No
PRV57731,No
PRV55874,No
PRV54411,No
PRV53641,No
PRV56783,No
PRV53317,No
PRV53845,No
PRV54111,Yes
PRV56904,No
PRV56566,Yes
PRV53135,No
PRV51759,No
PRV53474,No
PRV51387,No
PRV57356,No
PRV51914,No
PRV53958,No
PRV54325,No
PRV51742,No
PRV52328,No
PRV52991,No
PRV55094,No
PRV55940,No
PRV51792,No
PRV52745,No
PRV53952,No
PRV52350,No
PRV57309,No
PRV51202,No
PRV52343,Yes
PRV53872,No
PRV54154,No
PRV55709,No
PRV56438,Yes
PRV52892,No
PRV57577,No
PRV52490,No
PRV54627,No
PRV51004,No
PRV54878,No
PRV56793,No
PRV52741,No
PRV57385,No
PRV53989,No
PRV52084,No
PRV55053,No
PRV52610,No
PRV54360,No
PRV53568,No
PRV52299,No
PRV54356,No
PRV52526,No
PRV51801,No
PRV52012,No
PRV53140,No
PRV57667,Yes
PRV55830,No
PRV54206,No
PRV55285,No
PRV56119,No
PRV51964,No
PRV56336,No
PRV51097,No
PRV52502,Yes
PRV56540,No
PRV55368,No
PRV52434,No
PRV53640,No
PRV56199,No
PRV57573,No
PRV57574,No
PRV52833,No
PRV54055,No
PRV57257,No
PRV53451,No
PRV55759,No
PRV54363,No
PRV52365,No
PRV53391,No
PRV57245,No
PRV52427,No
PRV51302,No
PRV53757,No
PRV53002,No
PRV54934,No
PRV51668,No
PRV54414,No
PRV53756,No
PRV52374,No
PRV55011,No
PRV51895,No
PRV54380,No
PRV54254,No
PRV53472,No
PRV57141,No
PRV51896,No
PRV56005,No
PRV51062,No
PRV51702,No
PRV57680,No
PRV57005,No
PRV52001,No
PRV55500,No
PRV56683,No
PRV52988,No
PRV56390,No
PRV55138,No
PRV52611,No
PRV56662,No
PRV56475,No
PRV54140,No
PRV53161,No
PRV56696,No
PRV54564,No
PRV53180,No
PRV55071,No
PRV52273,No
PRV56377,No
PRV55588,No
PRV54842,No
PRV55262,No
PRV53523,No
PRV53445,No
PRV52914,No
PRV57412,No
PRV52157,No
PRV56071,No
PRV55312,No
PRV53019,No
PRV51942,No
PRV52744,No
PRV52720,No
PRV56322,No
PRV51990,No
PRV57654,No
PRV52608,No
PRV55843,No
PRV55177,No
PRV54642,No
PRV52152,No
PRV54208,No
PRV55150,No
PRV54701,No
PRV55074,No
PRV51583,No
PRV53599,No
PRV56373,No
PRV57541,No
PRV54306,No
PRV53494,No
PRV54625,No
PRV54444,No
PRV52163,No
PRV57261,No
PRV55569,No
PRV53043,No
PRV55619,No
PRV54634,No
PRV56174,No
PRV57236,No
PRV56256,No
PRV52907,No
PRV52568,No
PRV54135,No
PRV57751,No
PRV54813,No
PRV56484,No
PRV51911,No
PRV51810,No
PRV54030,No
PRV56509,No
PRV54757,No
PRV56582,No
PRV56828,No
PRV53949,No
PRV57363,No
PRV52008,No
PRV51245,No
PRV53621,No
PRV54200,No
PRV52725,No
PRV55378,No
PRV54344,No
PRV56393,No
PRV51330,No
PRV55494,No
PRV56247,No
PRV55257,No
PRV53399,Yes
PRV51723,No
PRV54239,No
PRV51837,No
PRV54540,Yes
PRV55953,No
PRV51878,No
PRV54555,No
PRV51203,No
PRV54129,No
PRV55543,No
PRV53197,No
PRV53939,No
PRV55766,No
PRV52865,No
PRV56161,Yes
PRV51610,No
PRV55164,No
PRV56348,No
PRV52647,No
PRV56300,No
PRV56934,No
PRV55804,No
PRV56124,No
PRV53972,No
PRV55842,Yes
PRV55446,No
PRV55044,No
PRV56758,No
PRV52566,No
PRV55118,No
PRV57405,No
PRV56398,No
PRV54017,No
PRV53320,No
PRV55965,No
PRV55772,No
PRV57692,No
PRV53983,No
PRV54304,No
PRV51725,No
PRV56788,No
PRV57138,No
PRV55319,No
PRV54179,No
PRV55297,No
PRV51706,No
PRV54985,No
PRV55489,No
PRV54519,No
PRV56028,No
PRV53444,No
PRV52440,No
PRV56592,Yes
PRV51323,No
PRV54176,No
PRV52396,Yes
PRV55770,No
PRV52159,No
PRV52783,No
PRV53244,No
PRV54577,No
PRV54623,No
PRV55140,No
PRV51590,Yes
PRV51901,No
PRV51568,No
PRV57670,No
PRV55537,No
PRV51554,No
PRV53377,No
PRV56153,No
PRV54368,No
PRV55739,No
PRV54297,Yes
PRV54050,No
PRV56003,No
PRV55586,No
PRV56926,No
PRV57689,No
PRV52395,No
PRV53735,No
PRV54216,No
PRV55348,No
PRV55292,No
PRV57302,No
PRV55592,No
PRV53206,No
PRV53686,No
PRV56956,No
PRV56388,No
PRV53584,No
PRV52341,No
PRV57526,No
PRV54345,No
PRV53860,No
PRV55129,No
PRV56319,No
PRV57742,No
PRV54477,No
PRV53990,No
PRV56562,No
PRV51908,No
PRV56401,No
PRV54073,No
PRV54452,No
PRV56073,No
PRV52623,No
PRV53085,No
PRV51687,No
PRV56400,Yes
PRV54651,Yes
PRV52891,No
PRV51780,No
PRV53521,No
PRV51494,No
PRV54054,No
PRV54677,No
PRV53864,No
PRV57523,No
PRV54686,No
PRV54263,No
PRV52290,No
PRV52748,No
PRV51196,No
PRV56238,No
PRV51836,Yes
PRV53198,No
PRV52344,No
PRV52197,No
PRV54537,No
PRV51120,No
PRV57588,No
PRV51703,No
PRV54779,No
PRV56632,No
PRV55864,No
PRV56878,No
PRV51947,No
PRV54885,No
PRV55405,No
PRV56669,Yes
PRV57295,Yes
PRV51299,No
PRV54402,No
PRV51284,No
PRV56763,No
PRV57321,No
PRV52868,Yes
PRV56871,No
PRV51505,No
PRV53360,No
PRV53668,Yes
PRV55103,No
PRV55760,No
PRV54773,No
PRV54462,No
PRV57730,No
PRV56136,No
PRV55298,No
PRV55584,No
PRV56598,No
PRV51811,No
PRV55540,No
PRV53255,No
PRV56797,No
PRV55447,No
PRV55783,No
PRV55096,No
PRV54717,No
PRV55886,No
PRV53357,No
PRV55226,No
PRV53254,No
PRV51765,No
PRV52695,No
PRV51584,Yes
PRV53943,No
PRV56469,No
PRV51105,No
PRV51959,No
PRV53037,No
PRV51608,No
PRV51935,No
PRV53555,No
PRV55934,Yes
PRV56996,No
PRV57190,No
PRV54246,No
PRV52539,No
PRV56511,No
PRV52555,No
PRV54384,No
PRV54780,No
PRV53298,No
PRV53879,No
PRV52220,No
PRV51218,No
PRV51726,No
PRV52435,No
PRV51812,No
PRV52314,No
PRV56836,No
PRV53877,No
PRV55325,No
PRV57515,No
PRV52284,No
PRV54837,Yes
PRV53020,No
PRV54818,No
PRV51362,No
PRV55684,No
PRV55802,No
PRV52457,No
PRV53290,No
PRV55492,Yes
PRV52037,No
PRV53054,No
PRV57169,No
PRV55891,No
PRV56577,No
PRV56477,No
PRV57219,No
PRV52574,Yes
PRV51431,No
PRV52280,Yes
PRV57660,No
PRV55376,No
PRV54809,No
PRV51438,No
PRV53570,No
PRV51640,No
PRV53794,No
PRV55885,No
PRV53236,No
PRV54133,No
PRV55690,No
PRV56510,No
PRV52383,Yes
PRV55374,Yes
PRV53617,No
PRV55239,No
PRV54550,No
PRV53074,No
PRV54065,Yes
PRV53732,No
PRV57635,No
PRV55255,No
PRV52782,No
PRV54327,Yes
PRV53835,No
PRV54370,No
PRV54676,Yes
PRV55562,No
PRV56743,No
PRV57436,No
PRV57154,No
PRV51342,No
PRV54866,No
PRV52377,No
PRV52970,No
PRV57688,No
PRV57627,No
PRV55832,No
PRV54443,No
PRV51054,No
PRV56415,No
PRV55816,No
PRV53511,No
PRV57225,No
PRV56671,No
PRV54057,No
PRV55437,Yes
PRV52469,No
PRV57744,No
PRV56271,No
PRV55928,No
PRV57432,No
PRV51876,Yes
PRV53157,No
PRV56020,No
PRV53969,No
PRV54123,No
PRV57403,No
PRV52889,No
PRV54451,No
PRV55571,No
PRV53764,No
PRV52411,No
PRV51838,No
PRV53608,No
PRV56410,No
PRV55234,No
PRV51266,No
PRV53559,No
PRV56279,No
PRV53125,No
PRV51316,No
PRV56196,No
PRV55337,No
PRV54597,No
PRV52373,No
PRV51072,No
PRV51678,No
PRV57652,No
PRV53340,No
PRV51567,Yes
PRV55657,No
PRV53676,No
PRV51556,No
PRV54266,No
PRV56062,No
PRV51379,No
PRV51285,No
PRV56980,No
PRV51190,No
PRV52174,No
PRV53015,No
PRV53587,No
PRV55865,No
PRV56114,No
PRV55507,No
PRV54019,No
PRV51787,No
PRV55385,No
PRV53067,No
PRV51670,No
PRV54354,Yes
PRV51762,No
PRV53237,No
PRV57411,No
PRV53703,No
PRV56647,Yes
PRV54491,No
PRV51845,No
PRV57485,No
PRV54710,No
PRV57561,No
PRV54328,No
PRV52332,No
PRV57000,No
PRV51037,Yes
PRV51276,No
PRV55183,No
PRV52933,Yes
PRV55252,No
PRV52801,No
PRV55705,No
PRV55974,No
PRV55324,No
PRV53507,No
PRV53306,No
PRV53889,No
PRV53100,No
PRV56233,No
PRV54856,No
PRV55431,No
PRV57701,No
PRV52494,No
PRV53628,No
PRV52652,Yes
PRV52408,No
PRV55521,No
PRV53690,No
PRV51616,No
PRV56135,No
PRV55983,No
PRV54562,No
PRV52227,No
PRV56539,No
PRV56190,No
PRV55721,No
PRV54739,Yes
PRV56861,No
PRV55652,No
PRV54013,No
PRV57471,No
PRV55810,No
PRV52523,No
PRV53697,No
PRV52009,No
PRV53950,No
PRV56331,No
PRV55026,No
PRV51348,No
PRV51744,No
PRV53159,No
PRV54374,No
PRV53597,No
PRV54638,No
PRV53980,No
PRV57437,No
PRV52732,No
PRV57455,No
PRV57706,No
PRV55110,No
PRV56749,No
PRV51508,No
PRV54838,No
PRV55111,No
PRV51060,No
PRV54027,No
PRV53780,No
PRV54038,No
PRV56995,No
PRV52905,No
PRV57671,No
PRV54942,Yes
PRV52830,No
PRV57732,No
PRV51491,No
PRV54871,No
PRV57002,No
PRV56999,No
PRV53122,No
PRV52656,No
PRV51557,No
PRV51710,No
PRV57590,No
PRV52416,No
PRV55076,No
PRV51978,No
PRV56361,Yes
PRV51650,No
PRV56864,No
PRV55468,No
PRV51734,No
PRV54004,No
PRV56340,No
PRV52462,No
PRV51492,No
PRV57449,No
PRV55181,No
PRV51383,No
PRV51655,No
PRV55933,No
PRV54255,No
PRV52038,No
PRV55168,No
PRV52349,No
PRV54061,No
PRV56610,No
PRV56430,No
PRV57116,No
PRV54786,Yes
PRV57374,No
PRV53658,No
PRV55850,No
PRV56512,No
PRV51968,No
PRV56103,Yes
PRV53551,No
PRV51159,Yes
PRV55703,No
PRV52097,No
PRV55733,No
PRV55005,No
PRV55610,No
PRV53806,No
PRV53204,No
PRV53590,No
PRV51707,No
PRV57610,No
PRV51424,No
PRV56660,No
PRV57390,No
PRV54257,No
PRV56364,No
PRV51796,No
PRV55291,No
PRV56897,No
PRV55787,No
PRV51868,Yes
PRV54734,No
PRV55182,No
PRV51766,No
PRV52071,No
PRV52955,No
PRV54413,No
PRV55966,No
PRV52879,No
PRV54201,No
PRV55350,No
PRV56324,No
PRV57728,No
PRV55600,No
PRV56456,No
PRV53038,No
PRV56378,No
PRV53056,No
PRV51871,No
PRV54879,Yes
PRV57253,No
PRV52142,No
PRV55192,No
PRV52261,No
PRV52151,Yes
PRV54903,No
PRV56329,No
PRV56145,No
PRV56628,No
PRV52476,No
PRV55123,No
PRV57463,No
PRV54058,No
PRV54072,No
PRV53965,No
PRV54422,No
PRV53517,No
PRV55259,No
PRV52104,No
PRV54895,Yes
PRV53762,Yes
PRV55145,No
PRV54066,No
PRV55498,No
PRV57542,No
PRV53782,No
PRV53346,No
PRV55528,No
PRV53532,No
PRV52839,No
PRV51909,No
PRV53657,No
PRV51416,No
PRV55523,No
PRV56896,No
PRV54785,No
PRV53841,No
PRV52929,No
PRV57072,No
PRV55918,No
PRV51638,No
PRV52576,No
PRV55495,Yes
PRV54172,No
PRV52504,Yes
PRV53731,No
PRV52182,No
PRV57166,Yes
PRV53710,No
PRV53821,No
PRV52367,No
PRV55736,No
PRV54449,No
PRV51487,No
PRV51952,No
PRV51840,Yes
PRV51075,No
PRV56863,No
PRV54148,No
PRV56621,No
PRV53602,No
PRV53347,No
PRV56305,No
PRV54077,Yes
PRV51414,No
PRV56830,No
PRV54743,Yes
PRV57696,No
PRV54572,No
PRV52572,No
PRV53818,No
PRV53460,No
PRV57657,No
PRV54337,No
PRV52727,No
PRV55035,No
PRV56684,No
PRV51988,No
PRV53013,No
PRV52030,Yes
PRV54315,No
PRV53061,No
PRV53384,Yes
PRV55985,No
PRV51951,Yes
PRV55716,No
PRV54496,No
PRV53035,No
PRV55246,No
PRV54090,No
PRV56554,No
PRV57347,No
PRV53501,No
PRV52940,No
PRV51432,No
PRV57191,Yes
PRV54973,No
PRV57669,No
PRV53280,No
PRV52556,No
PRV53675,No
PRV53566,No
PRV56947,No
PRV54101,No
PRV54365,No
PRV55682,No
PRV53885,No
PRV53540,No
PRV52385,No
PRV51933,No
PRV57615,No
PRV54006,No
PRV51892,No
PRV53188,No
PRV56251,No
PRV53044,No
PRV54931,Yes
PRV52506,No
PRV51049,No
PRV57171,No
PRV51078,No
PRV53920,No
PRV51645,No
PRV56225,Yes
PRV57124,No
PRV57662,No
PRV51799,No
PRV52683,No
PRV57757,No
PRV54033,No
PRV55195,Yes
PRV53291,No
PRV55654,No
PRV51488,No
PRV56015,No
PRV55423,No
PRV53007,Yes
PRV55601,No
PRV52772,No
PRV52356,No
PRV57655,No
PRV54508,No
PRV52144,No
PRV51998,No
PRV57438,No
PRV52028,No
PRV55155,No
PRV53591,No
PRV52022,No
PRV55275,No
PRV54210,No
PRV55188,No
PRV54403,No
PRV56543,No
PRV56734,No
PRV55706,No
PRV54173,No
PRV56881,No
PRV53787,Yes
PRV57470,No
PRV57335,Yes
PRV53045,No
PRV51748,No
PRV52228,No
PRV54500,No
PRV51579,No
PRV56115,No
PRV55171,Yes
PRV56321,No
PRV51349,No
PRV56134,Yes
PRV53525,No
PRV57228,No
PRV57316,No
PRV56224,No
PRV55625,No
PRV53401,Yes
PRV57179,Yes
PRV51733,No
PRV56869,No
PRV54145,No
PRV51601,No
PRV56700,No
PRV56988,No
PRV52238,No
PRV56945,No
PRV53131,No
PRV55236,No
PRV55995,No
PRV55655,No
PRV54680,Yes
PRV55541,No
PRV57367,No
PRV51352,No
PRV54298,No
PRV51718,No
PRV56916,No
PRV55997,No
PRV53934,No
PRV54526,No
PRV57510,No
PRV53648,No
PRV52122,No
PRV55049,Yes
PRV57010,No
PRV54863,No
PRV53585,No
PRV55161,No
PRV53848,No
PRV53478,No
PRV52649,Yes
PRV52291,No
PRV55525,No
PRV57203,No
PRV52274,No
PRV55697,No
PRV53137,No
PRV55818,No
PRV52928,No
PRV56263,No
PRV56867,No
PRV52993,No
PRV55453,Yes
PRV52799,No
PRV57181,No
PRV53788,No
PRV51496,No
PRV53274,No
PRV55240,No
PRV52691,No
PRV53999,No
PRV54808,Yes
PRV52017,No
PRV57570,No
PRV54007,No
PRV57098,No
PRV54052,No
PRV52861,No
PRV56784,No
PRV53840,No
PRV55852,Yes
PRV57753,No
PRV52912,No
PRV51354,No
PRV56635,No
PRV51857,Yes
PRV51305,No
PRV57031,No
PRV52508,No
PRV54587,No
PRV54125,No
PRV51047,No
PRV53419,No
PRV51781,No
PRV54287,No
PRV57024,No
PRV53917,No
PRV53323,No
PRV57069,No
PRV55133,No
PRV53935,No
PRV55465,No
PRV53261,No
PRV54348,No
PRV57176,No
PRV53078,No
PRV52570,No
PRV56200,No
PRV52069,No
PRV52404,No
PRV53565,No
PRV54183,No
PRV55887,No
PRV55467,Yes
PRV52433,No
PRV53119,Yes
PRV53490,No
PRV56530,No
PRV57710,No
PRV57333,No
PRV56591,Yes
PRV53593,No
PRV56445,No
PRV56978,No
PRV54645,No
PRV54792,No
PRV55676,Yes
PRV53484,No
PRV55741,No
PRV51617,No
PRV54433,No
PRV51870,No
PRV55742,No
PRV54986,Yes
PRV56102,No
PRV52931,No
PRV51965,No
PRV55763,No
PRV54935,No
PRV52310,No
PRV55937,No
PRV57699,No
PRV55442,No
PRV54096,No
PRV51307,No
PRV54350,Yes
PRV54059,No
PRV57762,No
PRV55480,No
PRV54876,Yes
PRV51917,No
PRV55587,No
PRV52584,No
PRV51258,No
PRV57227,No
PRV55235,No
PRV51729,No
PRV52188,No
PRV52076,No
PRV55413,No
PRV54091,No
PRV57189,Yes
PRV52089,Yes
PRV52904,No
PRV54652,No
PRV54705,No
PRV56724,No
PRV53975,No
PRV57139,No
PRV52857,No
PRV55295,No
PRV51852,No
PRV51635,No
PRV51458,No
PRV52758,No
PRV52582,No
PRV57752,No
PRV53607,No
PRV51230,No
PRV54810,No
PRV56575,Yes
PRV52063,No
PRV56586,No
PRV51222,No
PRV51636,No
PRV54026,No
PRV54465,No
PRV57329,No
PRV51784,No
PRV54132,No
PRV53475,No
PRV52855,No
PRV51044,No
PRV57733,No
PRV56428,Yes
PRV55622,No
PRV55786,No
PRV52639,No
PRV51255,No
PRV53558,No
PRV55027,Yes
PRV53689,No
PRV53116,No
PRV51171,No
PRV52473,No
PRV53671,Yes
PRV54250,No
PRV56052,No
PRV56721,No
PRV52770,No
PRV53224,No
PRV56140,No
PRV56374,No
PRV54242,No
PRV52863,No
PRV51136,No
PRV51859,No
PRV52032,Yes
PRV52357,No
PRV53407,No
PRV57474,No
PRV52306,No
PRV55724,No
PRV51958,No
PRV51746,No
PRV52837,No
PRV57149,No
PRV53173,No
PRV53124,No
PRV53454,No
PRV56368,No
PRV57500,No
PRV52607,No
PRV53819,No
PRV54343,No
PRV56189,No
PRV56860,No
PRV54873,No
PRV53174,No
PRV56217,No
PRV51747,No
PRV54793,No
PRV53427,No
PRV56470,No
PRV51705,No
PRV52482,No
PRV54228,No
PRV53677,Yes
PRV56800,No
PRV52169,No
PRV57266,No
PRV54771,Yes
PRV56942,No
PRV53265,Yes
PRV52120,Yes
PRV56049,No
PRV57522,No
PRV52925,No
PRV55202,No
PRV53376,No
PRV56590,No
PRV51532,No
PRV51366,No
PRV56485,No
PRV52066,Yes
PRV55590,No
PRV56227,No
PRV52791,No
PRV57126,No
PRV52398,No
PRV56933,No
PRV57192,No
PRV52948,No
PRV51675,No
PRV53796,No
PRV54723,No
PRV57571,No
PRV56536,No
PRV53252,No
PRV51890,No
PRV57414,No
PRV54735,No
PRV55910,No
PRV51535,No
PRV51528,No
PRV54794,No
PRV55210,No
PRV54511,No
PRV57208,No
PRV57626,No
PRV53363,No
PRV56722,No
PRV53635,No
PRV52602,No
PRV54981,No
PRV51108,No
PRV51389,No
PRV52824,No
PRV55079,No
PRV54472,No
PRV53439,No
PRV54636,No
PRV52101,No
PRV55969,No
PRV55269,No
PRV56241,No
PRV53052,No
PRV56802,No
PRV57651,No
PRV54894,Yes
PRV54251,No
PRV55166,No
PRV52575,No
PRV53238,No
PRV53951,Yes
PRV55800,No
PRV55720,No
PRV53305,No
PRV55486,No
PRV51574,Yes
PRV53815,No
PRV51460,No
PRV57529,No
PRV54541,No
PRV54064,No
PRV56236,No
PRV53169,No
PRV56729,No
PRV51669,No
PRV51885,No
PRV57486,No
PRV52123,Yes
PRV54207,No
PRV51661,No
PRV53606,No
PRV54377,No
PRV52460,No
PRV53633,No
PRV52002,Yes
PRV51131,No
PRV53629,No
PRV55108,No
PRV51818,Yes
PRV55425,No
PRV53256,No
PRV52542,No
PRV56523,Yes
PRV54640,No
PRV57080,No
PRV54814,No
PRV56341,No
PRV57592,No
PRV57467,No
PRV55493,No
PRV56760,No
PRV51031,No
PRV53028,No
PRV54637,No
PRV53781,Yes
PRV57714,No
PRV52019,Yes
PRV55215,Yes
PRV56518,No
PRV54167,No
PRV56358,No
PRV55539,No
PRV56852,No
PRV51983,No
PRV52394,No
PRV53134,No
PRV51061,No
PRV53104,No
PRV51708,No
PRV53402,No
PRV55538,No
PRV52750,No
PRV53018,No
PRV53128,No
PRV55012,No
PRV55258,No
PRV57364,No
PRV53792,Yes
PRV57603,No
PRV53103,No
PRV54542,No
PRV56072,No
PRV51327,No
PRV53601,No
PRV51423,No
PRV51259,No
PRV51716,No
PRV56330,No
PRV51956,No
PRV52549,No
PRV52150,No
PRV54565,No
PRV52800,No
PRV52729,No
PRV51961,No
PRV53805,No
PRV52226,No
PRV51279,No
PRV57107,No
PRV52511,Yes
PRV56707,No
PRV53386,No
PRV55513,No
PRV55755,No
PRV55835,Yes
PRV54193,No
PRV55086,No
PRV52560,No
PRV52598,No
PRV55039,Yes
PRV55723,No
PRV54473,No
PRV53213,No
PRV57343,No
PRV55920,No
PRV52981,No
PRV52836,No
PRV52646,No
PRV56122,No
PRV53634,No
PRV53331,No
PRV55814,No
PRV51191,No
PRV53895,Yes
PRV56949,No
PRV53720,No
PRV51086,No
PRV55471,No
PRV52051,No
PRV51170,Yes
PRV53276,No
PRV54146,No
PRV52456,No
PRV55050,No
PRV57365,No
PRV55116,No
PRV54747,No
PRV56703,No
PRV52020,Yes
PRV52166,No
PRV56877,Yes
PRV51776,No
PRV54673,No
PRV53189,No
PRV51596,No
PRV53673,No
PRV57122,No
PRV54240,No
PRV54008,No
PRV57705,No
PRV53351,No
PRV51280,No
PRV54649,Yes
PRV54707,No
PRV51214,No
PRV56751,No
PRV52971,No
PRV53761,No
PRV56286,No
PRV52361,No
PRV53383,No
PRV53865,No
PRV52752,No
PRV52641,No
PRV57528,Yes
PRV52421,No
PRV53828,No
PRV56011,Yes
PRV56971,No
PRV55335,No
PRV51213,No
PRV52870,Yes
PRV56181,No
PRV57379,No
PRV53611,No
PRV57100,No
PRV57273,No
PRV56218,No
PRV57184,No
PRV56972,No
PRV52617,No
PRV56818,No
PRV57204,Yes
PRV56909,No
PRV55656,No
PRV57013,No
PRV56809,No
PRV54949,No
PRV52225,No
PRV51889,No
PRV53359,No
PRV55131,No
PRV51035,No
PRV57103,Yes
PRV53957,No
PRV53429,No
PRV53654,No
PRV51639,No
PRV57721,No
PRV56930,No
PRV57502,Yes
PRV56796,No
PRV53571,No
PRV51011,No
PRV54317,No
PRV55581,No
PRV51154,No
PRV54741,No
PRV54520,No
PRV54596,No
PRV56044,No
PRV55691,No
PRV56882,No
PRV57136,No
PRV51619,No
PRV55964,No
PRV51306,No
PRV53906,No
PRV53183,No
PRV53059,No
PRV54643,No
PRV52187,No
PRV56406,No
PRV57287,No
PRV55644,No
PRV51654,No
PRV56163,No
PRV55856,No
PRV53771,No
PRV51602,No
PRV56731,Yes
PRV52532,No
PRV52129,No
PRV54226,No
PRV54551,No
PRV56379,No
PRV55789,No
PRV52107,No
PRV52935,No
PRV52235,No
PRV57517,No
PRV57326,No
PRV51282,No
PRV54664,No
PRV51394,No
PRV56212,No
PRV57382,No
PRV52821,Yes
PRV52052,No
PRV55433,Yes
PRV56137,No
PRV54904,No
PRV56057,No
PRV52217,No
PRV57641,No
PRV54001,No
PRV55463,No
PRV54442,No
PRV57193,No
PRV51003,Yes
PRV51550,No
PRV56549,No
PRV57336,No
PRV56170,No
PRV55167,No
PRV54828,Yes
PRV53932,No
PRV57472,No
PRV55043,No
PRV53279,No
PRV54282,No
PRV52693,No
PRV56316,No
PRV57599,No
PRV55972,No
PRV52463,No
PRV51727,No
PRV51252,No
PRV53530,No
PRV54392,No
PRV55919,No
PRV54341,No
PRV54955,Yes
PRV56094,No
PRV53071,No
PRV55913,Yes
PRV52369,No
PRV52464,No
PRV57272,No
PRV57650,No
PRV53959,Yes
PRV53896,No
PRV52472,No
PRV57422,No
PRV55614,No
PRV54614,No
PRV53162,No
PRV54796,No
PRV56711,Yes
PRV55981,No
PRV51469,No
PRV51572,No
PRV56651,No
PRV54283,No
PRV56675,No
PRV56937,No
PRV53994,No
PRV57052,No
PRV56243,No
PRV52536,No
PRV56335,No
PRV53127,No
PRV55564,No
PRV54219,No
PRV56893,No
PRV54539,No
PRV51600,No
PRV52222,No
PRV51689,No
PRV57093,No
PRV52706,No
PRV55578,No
PRV52021,Yes
PRV51155,No
PRV51658,No
PRV51641,No
PRV52787,No
PRV53664,No
PRV56634,No
PRV54185,No
PRV56826,No
PRV57307,No
PRV51884,No
PRV53894,Yes
PRV56762,No
PRV51156,No
PRV53437,No
PRV55191,No
PRV55927,No
PRV57240,No
PRV56950,No
PRV53221,No
PRV55679,No
PRV55331,No
PRV54060,No
PRV52088,No
PRV54124,No
PRV57036,No
PRV51403,No
PRV52703,No
PRV52480,No
PRV53321,No
PRV54991,No
PRV57159,No
PRV55990,No
PRV54034,No
PRV51288,No
PRV52896,No
PRV56334,No
PRV55237,No
PRV54427,No
PRV54043,No
PRV55879,No
PRV54450,No
PRV56521,No
PRV56640,No
PRV53527,No
PRV55549,No
PRV53143,No
PRV56964,No
PRV53887,Yes
PRV52422,No
PRV53398,No
PRV53339,No
PRV53862,No
PRV54841,No
PRV53682,No
PRV51957,No
PRV51433,Yes
PRV56740,No
PRV56004,No
PRV57088,No
PRV53561,No
PRV53314,No
PRV57238,No
PRV57167,Yes
PRV55871,No
PRV55361,No
PRV51297,No
PRV52317,No
PRV53996,No
PRV54959,No
PRV56572,No
PRV51855,No
PRV57477,No
PRV53963,No
PRV52519,No
PRV56653,No
PRV51644,No
PRV53801,No
PRV56253,Yes
PRV51921,No
PRV52249,No
PRV57325,No
PRV56642,No
PRV55945,No
PRV53102,No
PRV53716,No
PRV54489,No
PRV51130,No
PRV53918,Yes
PRV55490,No
PRV51618,No
PRV56856,No
PRV53187,No
PRV57148,No
PRV56267,No
PRV54505,Yes
PRV54128,No
PRV56914,No
PRV52985,Yes
PRV51576,No
PRV53793,No
PRV53907,No
PRV54313,No
PRV51045,No
PRV55511,No
PRV56317,No
PRV54554,No
PRV51139,No
PRV57146,No
PRV56029,No
PRV51454,No
PRV51738,No
PRV53526,No
PRV57373,No
PRV57350,No
PRV56055,No
PRV54213,No
PRV52461,No
PRV51143,No
PRV56750,No
PRV53417,Yes
PRV56906,No
PRV52953,No
PRV57322,No
PRV56578,No
PRV54848,No
PRV53091,No
PRV54886,No
PRV53009,No
PRV55727,No
PRV57448,No
PRV56790,No
PRV52313,No
PRV56584,No
PRV55151,No
PRV55950,No
PRV53154,No
PRV53536,No
PRV55989,No
PRV53647,No
PRV51410,Yes
PRV52289,No
PRV53746,No
PRV51262,No
PRV51938,No
PRV55790,No
PRV51805,Yes
PRV51326,No
PRV51451,No
PRV54543,Yes
PRV55481,No
PRV51263,Yes
PRV55956,No
PRV53846,No
PRV53829,No
PRV57076,No
PRV52271,No
PRV51459,Yes
PRV56116,No
PRV57468,No
PRV56113,No
PRV51899,No
PRV54116,No
PRV55439,No
PRV57509,No
PRV56207,No
PRV56464,No
PRV52354,No
PRV54768,No
PRV55745,No
PRV55552,No
PRV56447,Yes
PRV52630,Yes
PRV55081,No
PRV51480,Yes
PRV53343,No
PRV51173,Yes
PRV52541,No
PRV53981,No
PRV55792,No
PRV54273,No
PRV51337,Yes
PRV54569,No
PRV52321,Yes
PRV57396,No
PRV53251,No
PRV55604,No
PRV54695,No
PRV52386,No
PRV51613,No
PRV55165,Yes
PRV51490,Yes
PRV53718,No
PRV54372,Yes
PRV55915,No
PRV51376,No
PRV53108,No
PRV51950,No
PRV53416,No
PRV54468,No
PRV51542,Yes
PRV52378,No
PRV54461,No
PRV56857,No
PRV51877,No
PRV51731,No
PRV55774,No
PRV52898,No
PRV51341,No
PRV56213,No
PRV55936,No
PRV51546,No
PRV56021,No
PRV56873,No
PRV51274,No
PRV54400,No
PRV54715,No
PRV55993,No
PRV57388,No
PRV53449,No
PRV53269,Yes
PRV52731,No
PRV51293,No
PRV52478,No
PRV52045,Yes
PRV51750,No
PRV51474,No
PRV56615,No
PRV53631,No
PRV56260,No
PRV52665,No
PRV57177,Yes
PRV57174,No
PRV54682,No
PRV51251,No
PRV53456,No
PRV51290,No
PRV53329,No
PRV56413,No
PRV57344,Yes
PRV57324,No
PRV52057,No
PRV53515,No
PRV55935,No
PRV53186,No
PRV51624,No
PRV52558,No
PRV53499,No
PRV56130,No
PRV52806,No
PRV56280,No
PRV54171,No
PRV52253,No
PRV53820,No
PRV57358,No
PRV52862,No
PRV55238,No
PRV55120,No
PRV55036,No
PRV53646,No
PRV54692,Yes
PRV54289,No
PRV52963,No
PRV54371,No
PRV51322,No
PRV57546,No
PRV55383,No
PRV57632,No
PRV54382,Yes
PRV57202,No
PRV54481,No
PRV55662,No
PRV52976,No
PRV51041,No
PRV53001,No
PRV53733,No
PRV54324,No
PRV57504,No
PRV55384,No
PRV57624,No
PRV56807,No
PRV57327,No
PRV51096,No
PRV51076,No
PRV54430,No
PRV53797,Yes
PRV52013,No
PRV57738,No
PRV54725,No
PRV57275,No
PRV55580,No
PRV52667,No
PRV53077,No
PRV55203,No
PRV53201,No
PRV51042,No
PRV56291,No
PRV57078,No
PRV52085,No
PRV55729,No
PRV55868,No
PRV56206,No
PRV55776,No
PRV53246,No
PRV55375,Yes
PRV57715,No
PRV54599,No
PRV52185,No
PRV53678,No
PRV57150,No
PRV53763,Yes
PRV55805,No
PRV53136,Yes
PRV57162,Yes
PRV53242,Yes
PRV56981,No
PRV55777,No
PRV56547,No
PRV52766,No
PRV52605,No
PRV54454,No
PRV55144,No
PRV56537,No
PRV54906,No
PRV54109,No
PRV57386,No
PRV51446,No
PRV52615,No
PRV55106,No
PRV53450,No
PRV51737,No
PRV54051,No
PRV52876,No
PRV51181,No
PRV52450,No
PRV53283,No
PRV57539,No
PRV55398,No
PRV54031,No
PRV57331,No
PRV56560,Yes
PRV56531,No
PRV53149,No
PRV52452,No
PRV52672,No
PRV56854,No
PRV57082,No
PRV54581,No
PRV57034,No
PRV52932,No
PRV52448,No
PRV54415,No
PRV56448,No
PRV56585,No
PRV57424,No
PRV51005,Yes
PRV53774,No
PRV54671,No
PRV53942,No
PRV51724,No
PRV52829,No
PRV54870,No
PRV56255,No
PRV51391,No
PRV53431,No
PRV53946,No
PRV51549,No
PRV51969,No
PRV53875,No
PRV56418,No
PRV52230,No
PRV56515,No
PRV55624,No
PRV55281,No
PRV54923,No
PRV51137,No
PRV55427,No
PRV51032,No
PRV55270,No
PRV54517,No
PRV55664,No
PRV54134,No
PRV55876,No
PRV54497,No
PRV57410,No
PRV55475,No
PRV57709,Yes
PRV51806,No
PRV56649,Yes
PRV55561,No
PRV53110,No
PRV55205,No
PRV52302,No
PRV51824,No
PRV52204,No
PRV52919,No
PRV56056,No
PRV56216,No
PRV56556,No
PRV52007,No
PRV56884,No
PRV57224,No
PRV52684,No
PRV53581,No
PRV51676,No
PRV52318,No
PRV56880,No
PRV56101,No
PRV54391,Yes
PRV55779,No
PRV52500,No
PRV54259,No
PRV52733,No
PRV52507,No
PRV55362,No
PRV52910,No
PRV55508,No
PRV55072,No
PRV57121,No
PRV53928,No
PRV54753,No
PRV51415,No
PRV56454,No
PRV55798,No
PRV54911,No
PRV52209,No
PRV52119,Yes
PRV51915,No
PRV57119,No
PRV52470,No
PRV56060,No
PRV53838,No
PRV53442,No
PRV55189,No
PRV53578,No
PRV53759,No
PRV52847,Yes
PRV51932,No
PRV51770,No
PRV54805,No
PRV54674,No
PRV51126,Yes
PRV53491,No
PRV56655,No
PRV51467,No
PRV54448,No
PRV54546,No
PRV57297,Yes
PRV57216,No
PRV54439,No
PRV54882,Yes
PRV53411,No
PRV56529,No
PRV55409,No
PRV54014,No
PRV55999,No
PRV52844,No
PRV52529,No
PRV52241,No
PRV51987,No
PRV53619,No
PRV56435,Yes
PRV57465,No
PRV52320,Yes
PRV52491,No
PRV52443,No
PRV54932,No
PRV57239,No
PRV51392,No
PRV53014,No
PRV55904,No
PRV52148,No
PRV56252,No
PRV53704,No
PRV53503,No
PRV52755,No
PRV56963,No
PRV56387,No
PRV57441,No
PRV56524,No
PRV54340,No
PRV57077,No
PRV53371,No
PRV57530,No
PRV52544,No
PRV51419,No
PRV57380,No
PRV56801,No
PRV53396,No
PRV52213,No
PRV56768,No
PRV51404,No
PRV57041,No
PRV56866,No
PRV57291,No
PRV52719,No
PRV53594,No
PRV55926,No
PRV54854,No
PRV57025,Yes
PRV53381,No
PRV52924,No
PRV54806,No
PRV54552,No
PRV55314,No
PRV54530,No
PRV52676,No
PRV52303,No
PRV52899,No
PRV54575,No
PRV51434,Yes
PRV54475,No
PRV53240,No
PRV53207,No
PRV51630,No
PRV56858,No
PRV56439,No
PRV52814,No
PRV55169,No
PRV53706,Yes
PRV55807,No
PRV56993,No
PRV57758,No
PRV53726,No
PRV52351,No
PRV56977,No
PRV56843,No
PRV56303,No
PRV51289,No
PRV52135,Yes
PRV53595,No
PRV56394,No
PRV57552,No
PRV56278,No
PRV54253,No
PRV56392,Yes
PRV52895,No
PRV56894,No
PRV54092,No
PRV53397,Yes
PRV51905,No
PRV51455,No
PRV53632,No
PRV52540,No
PRV57746,No
PRV55550,Yes
PRV57734,No
PRV55330,No
PRV55218,No
PRV56982,No
PRV51427,No
PRV53095,No
PRV54258,Yes
PRV52746,No
PRV54164,No
PRV56165,No
PRV53297,Yes
PRV54833,No
PRV57433,No
PRV54704,No
PRV56487,No
PRV52189,No
PRV51180,No
PRV53772,No
PRV52763,No
PRV57516,No
PRV56497,No
PRV51614,Yes
PRV55911,Yes
PRV54678,No
PRV53683,No
PRV54332,No
PRV56486,No
PRV57246,No
PRV57244,No
PRV51236,No
PRV52149,No
PRV57301,No
PRV57376,No
PRV55556,No
PRV51517,No
PRV51241,No
PRV53277,Yes
PRV51842,Yes
PRV56367,No
PRV51802,No
PRV56931,No
PRV55821,Yes
PRV51879,No
PRV55087,No
PRV54479,No
PRV52381,No
PRV56463,No
PRV55884,No
PRV53300,No
PRV51112,No
PRV51592,No
PRV57760,No
PRV54992,No
PRV52700,No
PRV54020,No
PRV52161,No
PRV53362,No
PRV52698,No
PRV52412,No
PRV56903,No
PRV52958,No
PRV52278,No
PRV53099,No
PRV56092,No
PRV57611,No
PRV57690,No
PRV53913,No
PRV52474,No
PRV56519,No
PRV57687,No
PRV56351,No
PRV56846,No
PRV56245,No
PRV51128,No
PRV53393,No
PRV52579,No
PRV52102,No
PRV54588,No
PRV53662,No
PRV56249,Yes
PRV52872,No
PRV55254,No
PRV53390,No
PRV56047,No
PRV55232,No
PRV57368,No
PRV52282,No
PRV52564,No
PRV56706,Yes
PRV52922,No
PRV53876,No
PRV54293,No
PRV55141,No
PRV55261,No
PRV53378,No
PRV54269,No
PRV55156,No
PRV55750,No
PRV56177,No
PRV53121,Yes
PRV51026,No
PRV52503,No
PRV53318,No
PRV54357,No
PRV52232,No
PRV51798,No
PRV55146,No
PRV51219,No
PRV55527,No
PRV52771,No
PRV51515,No
PRV52436,No
PRV56834,No
PRV53729,No
PRV51551,No
PRV54457,No
PRV54580,No
PRV52275,No
PRV54455,No
PRV57378,No
PRV54714,No
PRV56656,No
PRV52011,No
PRV54737,No
PRV52042,No
PRV54506,No
PRV52599,No
PRV57328,No
PRV56792,No
PRV55345,No
PRV52294,No
PRV54708,No
PRV53816,No
PRV51790,No
PRV56120,No
PRV52689,No
PRV54122,No
PRV53598,No
PRV51972,No
PRV52237,No
PRV51612,No
PRV56845,No
PRV55907,No
PRV51074,No
PRV57397,No
PRV51089,No
PRV53355,No
PRV54890,No
PRV54925,Yes
PRV54670,No
PRV51165,No
PRV51153,No
PRV54046,No
PRV56850,No
PRV56607,No
PRV51771,No
PRV57495,Yes
PRV52668,No
PRV56027,No
PRV55160,No
PRV56046,No
PRV52397,No
PRV55579,No
PRV52882,No
PRV57061,No
PRV53281,No
PRV53722,No
PRV52048,No
PRV53033,No
PRV57207,No
PRV55333,No
PRV52739,No
PRV51558,No
PRV51849,No
PRV55744,No
PRV55452,No
PRV56541,Yes
PRV56474,No
PRV53179,No
PRV53698,No
PRV56935,No
PRV55849,Yes
PRV56679,No
PRV55813,No
PRV52913,No
PRV52792,No
PRV53382,No
PRV51398,No
PRV52578,Yes
PRV54409,No
PRV53272,No
PRV57456,No
PRV54238,No
PRV52128,No
PRV53486,No
PRV54199,No
PRV54718,Yes
PRV51894,No
PRV54378,No
PRV52420,Yes
PRV55426,No
PRV54225,Yes
PRV56270,No
PRV54290,No
PRV51595,No
PRV55707,No
PRV54150,No
PRV56473,No
PRV54089,No
PRV56954,No
PRV54824,No
PRV54334,No
PRV56032,No
PRV53622,No
PRV54158,No
PRV52138,No
PRV52046,No
PRV52551,No
PRV53814,No
PRV51053,No
PRV54845,Yes
PRV51740,No
PRV52418,No
PRV52212,No
PRV56104,Yes
PRV56948,No
PRV55430,Yes
PRV52514,No
PRV55627,No
PRV56182,No
PRV51809,No
PRV54311,No
PRV52638,No
PRV51012,No
PRV56946,No
PRV52218,No
PRV57601,No
PRV54412,No
PRV54300,No
PRV54149,Yes
PRV55377,No
PRV57133,No
PRV55753,No
PRV53336,No
PRV57278,No
PRV55585,No
PRV55634,No
PRV56900,No
PRV52535,No
PRV53223,No
PRV57187,No
PRV52798,No
PRV55496,Yes
PRV51122,No
PRV55326,No
PRV55353,No
PRV55001,No
PRV51393,Yes
PRV56657,No
PRV51186,No
PRV57264,No
PRV53861,No
PRV54573,No
PRV55448,No
PRV55670,Yes
PRV53473,No
PRV56755,No
PRV54832,Yes
PRV51371,No
PRV54119,No
PRV51499,No
PRV57727,No
PRV54776,No
PRV51448,No
PRV51803,No
PRV54467,No
PRV52484,No
PRV52616,No
PRV52392,No
PRV54107,No
PRV51571,No
PRV51751,No
PRV53470,No
PRV54538,No
PRV56264,No
PRV54320,No
PRV55631,No
PRV54379,No
PRV54036,No
PRV52248,No
PRV51318,No
PRV54528,No
PRV52155,No
PRV57113,No
PRV54661,No
PRV53310,No
PRV57081,No
PRV55358,No
PRV51495,Yes
PRV52604,No
PRV54999,No
PRV51030,No
PRV57565,No
PRV53070,No
PRV54684,No
PRV53284,No
PRV51826,Yes
PRV52903,Yes
PRV55806,No
PRV53785,No
PRV57369,No
PRV53933,No
PRV57473,No
PRV55916,No
PRV52916,No
PRV52065,Yes
PRV55408,No
PRV57196,No
PRV54548,No
PRV53709,No
PRV54084,No
PRV54168,No
PRV51593,Yes
PRV56257,Yes
PRV53705,No
PRV55803,No
PRV56764,No
PRV52130,No
PRV57447,No
PRV51287,No
PRV52796,No
PRV55847,No
PRV55359,No
PRV54142,No
PRV53335,No
PRV51673,No
PRV57057,No
PRV55881,No
PRV56819,No
PRV51941,No
PRV55671,No
PRV54244,No
PRV53745,No
PRV52094,No
PRV56480,No
PRV53083,No
PRV53086,No
PRV52257,No
PRV57673,No
PRV56663,No
PRV57693,No
PRV54040,No
PRV57355,No
PRV57048,No
PRV56258,No
PRV53905,No
PRV56152,No
PRV52825,No
PRV53857,No
PRV51993,No
PRV51439,No
PRV55740,No
PRV56123,No
PRV55154,No
PRV56668,Yes
PRV53768,No
PRV56766,No
PRV51934,No
PRV52263,No
PRV57375,No
PRV56672,No
PRV55712,No
PRV55459,No
PRV54703,No
PRV53680,No
PRV55184,No
PRV51441,No
PRV54136,No
PRV56618,No
PRV51325,No
PRV51224,No
PRV53471,No
PRV56626,No
PRV56222,No
PRV52999,No
PRV53158,No
PRV51311,No
PRV52926,No
PRV52131,No
PRV52878,No
PRV53812,No
PRV51569,No
PRV56287,No
PRV52784,No
PRV51694,No
PRV56478,No
PRV54767,No
PRV52853,No
PRV56051,No
PRV52751,No
PRV56501,Yes
PRV54347,No
PRV56614,No
PRV54781,Yes
PRV56613,No
PRV56810,No
PRV53624,No
PRV53076,No
PRV53692,Yes
PRV51369,Yes
PRV54162,No
PRV55737,No
PRV51563,No
PRV52288,No
PRV55092,No
PRV52590,Yes
PRV51510,No
PRV57684,No
PRV57426,No
PRV52869,No
PRV52346,No
PRV55136,No
PRV52206,No
PRV57619,No
PRV53309,No
PRV51115,No
PRV57016,No
PRV55677,No
PRV51698,No
PRV52074,No
PRV51949,No
PRV55172,Yes
PRV56281,No
PRV51024,No
PRV55583,No
PRV57747,No
PRV51786,No
PRV53723,No
PRV54230,Yes
PRV51303,No
PRV57235,No
PRV57298,No
PRV53919,Yes
PRV54954,No
PRV56384,No
PRV52815,Yes
PRV51059,Yes
PRV57521,No
PRV53773,No
PRV57097,No
PRV54389,No
PRV57741,No
PRV52990,Yes
PRV55274,No
PRV56738,No
PRV53424,No
PRV53767,No
PRV51360,No
PRV53569,No
PRV54952,Yes
PRV51753,No
PRV57218,No
PRV52571,No
PRV56466,No
PRV54615,No
PRV55227,No
PRV56068,No
PRV54929,Yes
PRV54604,No
PRV56193,No
PRV51477,No
PRV56559,No
PRV56667,No
PRV57277,No
PRV51475,No
PRV55059,No
PRV56482,No
PRV55948,No
PRV52669,No
PRV51113,No
PRV53878,No
PRV56146,No
PRV56563,No
PRV56611,No
PRV51875,No
PRV55185,No
PRV54459,No
PRV54053,No
PRV53506,No
PRV51851,Yes
PRV52178,Yes
PRV56576,No
PRV51237,No
PRV56404,No
PRV53142,Yes
PRV53625,No
PRV52692,No
PRV51179,No
PRV56065,No
PRV51256,No
PRV54778,Yes
PRV55112,No
PRV54908,No
PRV55595,No
PRV53379,Yes
PRV56702,No
PRV55572,No
PRV53084,No
PRV52058,No
PRV56149,No
PRV56339,No
PRV55621,No
PRV53874,No
PRV57263,No
PRV55054,No
PRV57315,No
PRV53175,No
PRV53888,No
PRV52453,No
PRV55041,No
PRV51999,No
PRV52822,No
PRV51996,No
PRV54545,No
PRV56829,No
PRV54529,No
PRV52510,No
PRV56821,No
PRV53807,No
PRV51931,No
PRV56685,Yes
PRV53991,No
PRV56166,No
PRV53120,No
PRV54274,No
PRV55095,No
PRV52640,No
PRV51025,No
PRV52760,No
PRV55197,No
PRV55641,No
PRV54660,No
PRV55598,No
PRV55357,No
PRV57519,No
PRV53988,No
PRV56522,No
PRV53620,No
PRV56397,No
PRV56659,No
PRV54774,No
PRV54102,No
PRV53349,No
PRV54535,No
PRV56489,No
PRV57490,No
PRV54070,Yes
PRV55304,No
PRV54759,No
PRV55179,No
PRV52285,No
PRV55512,No
PRV57459,No
PRV55491,No
PRV53021,Yes
PRV57339,No
PRV51217,No
PRV52515,No
PRV56568,No
PRV54159,No
PRV53956,No
PRV51587,No
PRV55658,No
PRV52170,No
PRV53924,No
PRV57540,No
PRV56745,No
PRV52804,No
PRV52920,No
PRV55826,No
PRV52886,No
PRV55867,No
PRV51719,No
PRV51533,No
PRV55929,No
PRV55743,No
PRV55214,No
PRV54658,No
PRV54711,No
PRV55896,Yes
PRV52348,No
PRV53755,No
PRV54121,No
PRV56976,No
PRV57062,No
PRV55808,No
PRV51518,No
PRV53262,No
PRV54063,No
PRV51634,No
PRV55574,No
PRV52797,No
PRV55576,No
PRV56126,No
PRV57129,No
PRV52636,No
PRV53228,No
PRV51233,No
PRV57198,No
PRV53087,No
PRV53564,No
PRV56890,No
PRV54798,No
PRV51388,No
PRV56311,No
PRV57185,Yes
PRV51736,No
PRV51504,No
PRV53374,No
PRV54160,No
PRV51185,No
PRV55037,No
PRV53025,No
PRV55187,No
PRV52064,Yes
PRV51820,No
PRV52778,No
PRV57454,No
PRV51382,No
PRV54595,No
PRV55137,No
PRV56767,No
PRV56171,No
PRV53553,No
PRV51865,No
PRV55458,No
PRV51468,No
PRV51046,No
PRV52743,No
PRV53344,No
PRV51864,No
PRV52681,No
PRV56088,No
PRV56038,No
PRV55416,No
PRV53498,No
PRV52583,No
PRV55264,No
PRV55514,Yes
PRV52499,No
PRV57359,No
PRV57213,No
PRV54821,No
PRV51795,No
PRV51204,No
PRV55302,No
PRV57613,No
PRV56548,No
PRV57039,No
PRV56121,No
PRV53627,No
PRV53443,No
PRV56805,No
PRV54787,No
PRV53908,No
PRV55780,No
PRV55659,Yes
PRV52781,No
PRV51991,No
PRV51503,No
PRV52980,No
PRV55667,Yes
PRV53017,No
PRV52859,No
PRV52728,No
PRV54231,No
PRV51063,No
PRV53545,No
PRV57408,No
PRV54803,No
PRV54849,No
PRV54074,Yes
PRV57308,No
PRV53492,No
PRV53463,No
PRV55397,No
PRV56639,No
PRV51886,No
PRV53513,No
PRV54558,No
PRV57704,No
PRV51598,No
PRV52055,No
PRV55893,Yes
PRV51340,No
PRV52537,No
PRV51422,No
PRV56235,No
PRV53694,No
PRV53922,No
PRV52902,No
PRV53245,Yes
PRV56058,No
PRV57614,No
PRV55939,No
PRV51981,No
PRV52298,No
PRV53024,No
PRV53034,No
PRV53663,No
PRV53282,No
PRV55846,No
PRV53182,No
PRV54567,No
PRV56637,No
PRV53560,No
PRV52109,No
PRV56313,No
PRV52326,No
PRV52092,No
PRV57464,No
PRV55148,No
PRV51121,No
PRV51347,Yes
PRV52409,No
PRV54041,No
PRV56345,No
PRV55472,Yes
PRV53111,No
PRV56823,No
PRV53751,No
PRV54601,No
PRV57049,Yes
PRV52813,No
PRV57400,No
PRV52581,No
PRV56349,No
PRV55064,No
PRV56347,No
PRV51936,No
PRV51189,No
PRV57128,No
PRV55930,No
PRV56031,No
PRV53721,No
PRV55004,Yes
PRV56535,No
PRV55300,No
PRV56284,No
PRV56084,No
PRV51586,Yes
PRV57231,No
PRV56248,No
PRV54608,No
PRV52890,No
PRV54232,No
PRV57274,No
PRV55732,No
PRV57740,No
PRV55906,No
PRV54068,No
PRV53042,No
PRV56261,No
PRV55775,No
PRV55785,No
PRV55996,Yes
PRV56498,No
PRV57723,No
PRV55309,No
PRV54602,No
PRV57117,Yes
PRV51821,No
PRV54271,No
PRV57182,No
PRV55434,No
PRV56748,Yes
PRV56219,No
PRV53891,No
PRV51421,Yes
PRV56370,No
PRV51887,No
PRV52039,No
PRV56234,No
PRV57445,No
PRV52769,No
PRV54330,No
PRV56550,Yes
PRV52521,No
PRV51672,No
PRV54936,Yes
PRV51688,No
PRV56658,No
PRV56304,No
PRV55428,No
PRV56338,No
PRV55596,No
PRV52864,No
PRV52509,No
PRV53961,Yes
PRV56765,No
PRV53582,No
PRV55034,Yes
PRV54933,Yes
PRV51873,Yes
PRV55700,No
PRV53138,No
PRV51152,No
PRV52686,No
PRV55132,No
PRV57576,No
PRV55392,No
PRV52714,No
PRV51210,No
PRV56777,No
PRV57294,No
PRV54800,No
PRV54978,No
PRV55070,No
PRV53784,No
PRV51390,Yes
PRV51560,Yes
PRV56184,No
PRV55815,No
PRV57543,Yes
PRV54114,No
PRV57158,Yes
PRV51292,No
PRV52845,No
PRV56080,No
PRV53979,No
PRV51065,No
PRV57306,Yes
PRV52880,No
PRV55022,Yes
PRV57104,Yes
PRV57314,No
PRV52100,Yes
PRV51363,No
PRV51081,No
PRV55032,No
PRV51355,No
PRV54056,Yes
PRV54918,Yes
PRV55908,No
PRV56083,No
PRV51207,No
PRV51144,No
PRV55410,No
PRV53609,No
PRV51764,No
PRV53550,No
PRV56929,No
PRV51970,No
PRV54005,No
PRV51709,No
PRV56742,No
PRV56761,No
PRV52205,No
PRV51816,No
PRV54267,No
PRV51038,No
PRV54141,No
PRV56183,No
PRV55943,No
PRV52773,No
PRV52757,No
PRV54549,No
PRV57230,Yes
PRV57413,No
PRV53679,No
PRV54868,No
PRV54869,No
PRV55751,No
PRV53413,No
PRV51906,No
PRV56129,No
PRV52937,No
PRV55639,No
PRV51226,No
PRV52721,No
PRV51100,No
PRV53967,No
PRV54112,No
PRV51588,No
PRV55180,No
PRV57091,No
PRV51471,Yes
PRV55642,No
PRV56915,No
PRV55620,No
PRV57675,No
PRV54205,No
PRV56344,No
PRV53798,No
PRV51713,No
PRV53325,No
PRV52380,No
PRV57520,No
PRV55563,No
PRV56268,Yes
PRV54589,No
PRV51353,No
PRV54410,No
PRV56622,No
PRV56209,No
PRV55149,No
PRV53101,No
PRV51995,No
PRV55366,No
PRV53307,No
PRV53945,No
PRV52626,No
PRV54460,No
PRV51101,No
PRV55640,No
PRV51242,Yes
PRV51929,No
PRV52606,No
PRV51699,No
PRV56408,No
PRV56037,No
PRV53600,No
PRV54396,No
PRV52224,No
PRV53062,No
PRV56798,No
PRV56010,No
PRV52531,No
PRV54756,No
PRV51874,No
PRV54523,No
PRV56673,No
PRV53715,No
PRV57125,No
PRV57600,No
PRV57678,No
PRV57475,No
PRV55243,No
PRV57585,No
PRV57280,No
PRV52025,No
PRV53791,No
PRV52056,No
PRV53859,No
PRV55307,No
PRV57108,No
PRV57282,Yes
PRV53696,No
PRV53106,Yes
PRV51395,No
PRV54192,No
PRV57303,No
PRV55404,No
PRV56375,No
PRV55515,No
PRV51146,Yes
PRV52141,No
PRV51167,No
PRV55412,No
PRV54830,No
PRV55209,Yes
PRV52835,No
PRV54180,No
PRV52267,No
PRV52774,No
PRV55341,No
PRV52201,No
PRV57109,No
PRV54726,No
PRV56680,No
PRV55791,No
PRV53435,No
PRV52124,Yes
PRV54544,No
PRV56778,No
PRV57707,No
PRV52501,No
PRV55575,No
PRV52848,No
PRV51357,Yes
PRV57739,No
PRV57345,Yes
PRV53911,Yes
PRV54926,No
PRV57676,No
PRV57051,No
PRV54847,No
PRV54198,No
PRV53524,No
PRV56625,No
PRV52423,No
PRV56633,No
PRV52242,No
PRV57525,Yes
PRV54441,No
PRV54256,No
PRV55003,No
PRV52495,No
PRV51829,No
PRV57691,No
PRV57340,No
PRV52323,No
PRV52283,Yes
PRV56282,No
PRV55007,No
PRV54023,No
PRV51628,No
PRV54971,No
PRV56168,No
PRV54098,Yes
PRV52099,No
PRV56895,No
PRV56237,No
PRV57416,No
PRV54401,No
PRV51552,No
PRV54245,No
PRV54103,Yes
PRV57142,No
PRV55318,No
PRV52467,Yes
PRV57755,No
PRV54515,No
PRV51695,No
PRV55436,No
PRV51671,No
PRV56014,No
PRV55593,No
PRV57489,No
PRV51830,No
PRV55299,No
PRV54037,No
PRV51098,No
PRV54175,No
PRV53358,No
PRV53191,No
PRV54093,Yes
PRV53109,No
PRV56771,No
PRV55231,No
PRV51239,No
PRV51793,No
PRV52387,No
PRV56495,No
PRV55858,No
PRV56581,No
PRV56452,No
PRV55207,No
PRV53509,No
PRV55173,No
PRV55617,No
PRV55395,No
PRV54463,No
PRV54115,No
PRV56385,No
PRV52208,No
PRV52059,Yes
PRV53719,No
PRV56186,No
PRV55444,Yes
PRV57250,No
PRV51979,Yes
PRV57020,No
PRV56076,No
PRV57645,No
PRV56173,No
PRV56025,No
PRV55135,No
PRV56259,Yes
PRV57453,No
PRV56159,No
PRV56185,No
PRV51486,No
PRV52054,No
PRV57553,No
PRV51516,No
PRV56923,No
PRV51526,No
PRV56687,No
PRV55925,No
PRV56654,No
PRV52708,No
PRV53462,No
PRV53354,No
PRV56078,No
PRV51544,No
PRV56048,No
PRV57581,No
PRV52176,No
PRV55663,No
PRV53674,No
PRV55796,No
PRV56997,No
PRV53057,No
PRV51966,No
PRV55305,No
PRV57550,No
PRV53867,No
PRV51007,No
PRV55855,No
PRV52533,No
PRV57682,No
PRV53699,No
PRV51104,No
PRV54975,No
PRV53779,No
PRV57572,No
PRV56919,No
PRV57595,No
PRV52945,No
PRV56853,No
PRV55660,No
PRV54191,No
PRV57487,No
PRV52105,No
PRV52699,No
PRV51295,No
PRV56773,No
PRV51368,No
PRV55056,No
PRV51846,No
PRV54970,No
PRV57033,No
PRV52670,No
PRV53937,Yes
PRV55665,No
PRV53926,No
PRV52295,No
PRV55487,No
PRV54553,No
PRV55977,Yes
PRV54437,No
PRV56444,Yes
PRV54760,No
PRV54080,No
PRV51665,No
PRV55206,No
PRV52764,No
PRV52954,No
PRV55589,No
PRV55554,No
PRV55456,No
PRV53717,No
PRV54612,No
PRV52917,No
PRV52588,No
PRV54359,Yes
PRV51891,No
PRV57393,No
PRV51529,No
PRV54155,No
PRV51027,No
PRV52162,No
PRV53534,No
PRV55606,No
PRV54622,No
PRV53016,No
PRV54262,No
PRV52875,No
PRV54021,No
PRV53047,No
PRV57074,No
PRV54864,No
PRV55352,No
PRV54456,No
PRV53685,No
PRV52998,No
PRV56030,No
PRV52024,No
PRV56855,No
PRV56917,No
PRV51898,No
PRV56664,No
PRV52179,No
PRV51261,No
PRV52851,No
PRV54790,No
PRV54139,No
PRV56991,No
PRV56601,No
PRV55289,No
PRV56417,No
PRV57434,No
PRV51611,No
PRV55058,No
PRV55449,No
PRV56840,No
PRV53649,No
PRV53421,Yes
PRV56525,No
PRV53465,No
PRV55535,No
PRV53839,No
PRV56730,Yes
PRV53616,No
PRV51848,No
PRV54859,No
PRV52488,No
PRV51540,No
PRV55455,No
PRV53220,No
PRV53133,No
PRV57334,No
PRV55793,No
PRV56555,No
PRV57352,No
PRV57647,No
PRV55479,No
PRV53260,No
PRV53304,No
PRV56697,No
PRV51198,No
PRV53968,No
PRV52003,No
PRV54689,No
PRV54585,No
PRV57156,No
PRV51331,No
PRV55419,No
PRV52312,No
PRV52184,No
PRV55714,No
PRV55812,Yes
PRV56169,No
PRV57461,No
PRV52403,No
PRV52591,No
PRV53065,No
PRV51536,No
PRV53214,No
PRV52281,No
PRV53873,No
PRV57319,No
PRV54082,No
PRV56733,No
PRV52112,No
PRV56018,No
PRV54309,No
PRV53978,No
PRV55220,No
PRV56381,No
PRV53727,No
PRV52554,No
PRV54576,No
PRV54559,No
PRV51103,Yes
PRV53589,No
PRV57668,No
PRV53743,No
PRV52711,No
PRV57234,No
PRV56987,No
PRV55271,No
PRV54675,Yes
PRV51656,No
PRV51298,No
PRV54896,Yes
PRV55765,No
PRV54383,No
PRV56998,No
PRV56087,No
PRV51913,No
PRV54881,No
PRV51132,No
PRV54507,No
PRV54305,No
PRV56293,No
PRV52818,No
PRV56496,No
PRV52406,No
PRV55748,No
PRV51578,Yes
PRV54025,No
PRV56063,No
PRV53799,No
PRV54831,No
PRV51779,No
PRV57232,No
PRV52446,No
PRV51377,No
PRV56231,Yes
PRV51564,No
PRV56017,No
PRV51888,No
PRV56885,No
PRV55178,No
PRV52858,No
PRV55356,No
PRV56095,No
PRV54049,No
PRV51083,No
PRV53899,No
PRV51465,No
PRV52936,No
PRV54358,No
PRV52154,No
PRV56969,No
PRV54039,No
PRV55731,No
PRV55519,Yes
PRV57147,No
PRV54802,No
PRV53754,No
PRV51229,No
PRV57015,No
PRV52061,No
PRV55764,No
PRV51029,No
PRV52633,No
PRV57534,No
PRV52077,Yes
PRV55650,No
PRV55104,No
PRV51068,No
PRV53292,No
PRV51057,No
PRV52073,No
PRV57536,No
PRV56272,No
PRV51472,No
PRV56791,No
PRV53993,No
PRV51084,Yes
PRV52548,No
PRV52004,No
PRV55278,No
PRV55701,No
PRV52795,No
PRV55695,No
PRV55497,No
PRV54965,No
PRV57212,No
PRV54498,No
PRV51350,No
PRV55339,No
PRV57407,No
PRV53308,No
PRV52658,No
PRV56701,No
PRV55510,No
PRV51960,No
PRV51977,No
PRV57761,No
PRV57421,No
PRV55230,Yes
PRV56157,No
PRV54276,No
PRV52439,No
PRV57205,No
PRV54820,No
PRV57197,No
PRV53832,No
PRV57569,Yes
PRV57532,No
PRV55023,No
PRV52724,No
PRV57597,No
PRV55386,No
PRV52673,No
PRV56362,No
PRV55653,No
PRV51691,No
PRV56228,No
PRV51211,No
PRV55306,No
PRV57006,No
